{"Foul-red card": -0.08734132058029191, "Foul-second yellow card": -0.031872808166364404, "Others on the ball-Touch-dangerous ball lost": -0.02482921769557473, "Others on the ball-Clearance": -0.011962570817914363, "Free Kick-Goal kick": -0.011273277797400444, "Free Kick-Free kick cross-not accurate": -0.010827709242628377, "Free Kick-Free kick cross-accurate": -0.010279786301338984, "Foul-yellow card": -0.008699577722188262, "Duel-Air duel-not accurate": -0.006509859016964681, "Free Kick-Free Kick-accurate": -0.005555178025208057, "Foul": -0.004875531439566726, "Duel-Air duel-accurate": -0.004667971411235593, "Pass-Cross-accurate": -0.0038985177117222647, "Free Kick-Free kick shot-not accurate": -0.0030003439704326144, "Pass-Cross-not accurate": -0.0029169057991019777, "Others on the ball-Touch-missed ball": -0.0015182595905647918, "Pass-High pass-accurate": -0.0011758995998248374, "Pass-High pass-not accurate": -0.0010655318698465208, "Others on the ball-Acceleration-not accurate": -0.000870475428964247, "Pass-Head pass-not accurate": -0.0007993173963255024, "Pass-Simple pass-not accurate": -0.00079217344035612, "Others on the ball-Touch": -0.0007412308115707253, "Others on the ball-Touch-interception": -0.0006161567633220353, "Duel-Ground loose ball duel-accurate": -0.00032541420048901677, "Free Kick-Throw in-accurate": -0.0002874494133240894, "Pass-Head pass-accurate": -0.00020721408055673224, "Pass-Cross-key pass": -6.54553147481952e-05, "Duel-Ground attacking duel-not accurate": 0.00022703268273293958, "Pass-Simple pass-accurate": 0.0002483879951455516, "Shot-Shot-not accurate": 0.0002744183548521902, "Duel-Ground defending duel-not accurate": 0.0003354997915205073, "Duel-Ground attacking duel-accurate": 0.0004710553565802619, "Pass-Smart pass-not accurate": 0.0005539443035330739, "Duel-Ground defending duel-accurate": 0.0005543650498080758, "Pass-Launch-accurate": 0.0008404921044352746, "Duel-Ground loose ball duel-not accurate": 0.0008423942047679356, "Others on the ball-Clearance-accurate": 0.0009471124621768955, "Pass-High pass-key pass": 0.001402707009049425, "Free Kick-Throw in-not accurate": 0.002175052209035703, "Others on the ball-Touch-opportunity": 0.0023203689571870546, "Free Kick-Penalty-not accurate": 0.0024897750769302934, "Pass-Launch-not accurate": 0.0026782822681197705, "Others on the ball-Acceleration-accurate": 0.0029147301837412426, "Pass-Smart pass-accurate": 0.0032725327449264546, "Others on the ball-Touch-feint": 0.0033747808603298963, "Free Kick-Corner-not accurate": 0.0034365209708298113, "Free Kick-Corner-accurate": 0.004131220827382793, "Others on the ball-Clearance-not accurate": 0.0042588709240538435, "Pass-Smart pass-key pass": 0.004926292746593287, "Pass-Simple pass-key pass": 0.006081148118615802, "Pass-Head pass-key pass": 0.006873379867831121, "Others on the ball-Touch-counter attack": 0.007161870634128877, "Free Kick-Free Kick-not accurate": 0.013019137668067036, "Shot-Shot-accurate": 0.024408092354114265, "Free Kick-Free kick shot-accurate": 0.031590427600489975, "Pass-Smart pass-assist": 0.07847596861307748, "Pass-High pass-assist": 0.09433503381098113, "Free Kick-Penalty": 0.10546468810946631, "Pass-Cross-assist": 0.1082288036486217, "Pass-Simple pass-assist": 0.12015163199947759, "Pass-Head pass-assist": 0.12455882688357033}